E,E,E,E,E,E,E,E,E,E,E,E,E,E,E,E,E,E,E,E,E,E,E,E,E,E,E,E,E,E,E,E,E,E,E,E,E,E,E,E,E,E,E,E,E,E,E,E,E,E,E,E,E,E,E,E,E,E,E,E,E,E,E,E,E,E,E,E,E,E,E,E,E,E,E,E,E,E,E,E,E,E,E,E,E,E,E,E,E,E,E,E,E,E,E,E,E,E,E,E,E,E,E,E,E,E,E,E,E,E,E,E,E,E,E,E,E,E,E,E,E,E,E,E,E,E,E,E,E,E,E,E,E,E,E,E,E,E,E,E,E,E,E,E,E,E,E,E,E,E,E,E,E,E,E,E,E,E,E,E,E,E,E,E,E,E,E,E,E,E,E,E,E
E,,,,,,,,,,,,,,,,,,,,,,,,,,,,,,,,,,,,,,,,,,,,,,,,,,,,,,,,,,,,,,,,,,,,,,,,,,,,,,,,,,,,,,,,,,,,,,,,,,,,,,,,,,,,,,,,,,,,,,,,,,,,,,,,,,,,,,,,,,,,,,,,,,,,,,,,,,,,,,,,,,,,,,,,,,,,E
E,,,,,,,,,,,,,,,,,,,,,,,,,,,,,,,,,,,,,,,,,,,,,,,,,,,,,,,,,,,,,,,,,,,,,,,,,,,,,,,,,,,,,,,,,,,,,,,,,,,,,,,,,,,,,,,,,,,,,,,,,,,,,,,,,,,,,,,,,,,,,,,,,,,,,,,,,,,,,,,,,,,,,,,,,,,,E
E,,,,,,,,,,,,,,,,,,,,,,,,,,,,,,,,,,,,,,,,,,,,,,,,,,,,,,,,,,,,,,,,,,,,,,,,,,,,,,,,,,,,,,,,,,,,,,,,,,,,,,,,,,,,,,,,,,,,,,,,,,,,,,,,,,,,,,,,,,,,,,,,,,,,,,,,,,,,,,,,,,,,,,,,,,,,E
E,,,,,,,,,,,,,,,,,,,,,,,,,,,,,,,,,,,,,,,,,,,,,,,,,,,,,,,,,,,,,,,,,,,,,,,,,,,,,,,,,,,,,,,,,,,,,,,,,,,,,,,,,,,,,,,,,,,,,,,,,,,,,,,,,,,,,,,,,,,,,,,,,,,,,,,,,,,,,,,,,,,,,,,,,,,,E
E,,,,,,,,,,,,,,,,,,,,,,,,,,,,,,,,,,,,,,,,,,,,,,,,,,,,,,,,,,,,,,,,,,,,,,,,,,,,,,,,,,,,,,,,,,,,,,,,,,,,,,,,,,,,,,,,,,,,,,,,,,,,,,,,,,,,,,,,,,,,,,,,,,,,,,,,,,,,,,,,,,,,,,,,,,,,E
E,,,,,,,,,,,,,,,,,,,,,,,,,,,,,,,,,,,,,,,,,,,,,,,,,,,,,,,,,,,,,,,,,,,,,,,,,,,,,,,,,,,,,,,,,,,,,,,,,,,,,,,,,,,,,,,,,,,,,,,,,,,,,,,,,,,,,,,,,,,,,,,,,,,,,,,,,,,,,,,,,,,,,,,,,,,,E
E,,,,,,,,,,,,,,,,,,,,,,,,,,,,,,,,,,,,,,,,,,,,,,,,,,,,,,,,,,,,,,,,,,,,,,,,,,,,,,,,,,,,,,,,,,,,,,,,,,,,,,,,,,,,,,,,,,,,,,,,,,,,,,,,,,,,,,,,,,,,,,,,,,,,,,,,,,,,,,,,,,,,,,,,,,,,E
E,,,,,,,,,,,,,,,,,,,,,,,,,,,,,,,,,,,,,,,,,,,,,,,,,,,,,,,,,,,,,,,,,,,,,,,,,,,,,,,,,,,,,,,,,,,,,,,,,,,,,,,,,,,,,,,,,,,,,,,,,,,,,,,,,,,,,,,,,,,,,,,,,,,,,,,,,,,,,,,,,,,,,,,,,,,,E
E,,,,,,,,,,,,,,,,,,,,,,,,,,,,,,,,,,,,,,,,,,,,,,,,,,,,,,,,,,,,,,,,,,,,,,,,,,,,,,,,,,,,,,,,,,,,,,,,,,,,,,,,,,,,,,,,,,,,,,,,,,,,,,,,,,,,,,,,,,,,,,,,,,,,,,,,,,,,,,,,,,,,,,,,,,,,E
E,,,,,,,,,,,,,,,,,,,,,,,,,,,,,,,,,,,,,,,,,,,,,,,,,,,,,,,,,,,,,,,,,,,,,,,,,,,,,,,,,,,,,,,,,,,,,,,,,,,,,,,,,,,,,,,,,,,,,,,,,,,,,,,,,,,,,,,,,,,,,,,,,,,,,,,,,,,,,,,,,,,,,,,,,,,,E
E,,,,,,,,,,,,,,,,,,,,,,,,,,,,,,,,,,,,,,,,,,,,,,,,,,,,,,,,,,,,,,,,,,,,,,,,,,,,,,,,,,,,,,,,magic_shield_percent_big,,,,int_dmg_big,,,,,,,,,,,,,,,,,,,,,,,,,,,,,,,,,,,,,,,,,,,,,,,,,,,,,,,,,,,,,,,,,,,,,,,,,,,,,,,,E
E,,,,,,,,,,,,,,,,,,,,,,,,,,,,,,,,,,,,,,,,,,,,,,,,,,,,,,,,,,,,,,,,,,,,,,,,,,,,,,,,,,,,,,,O,,,,,,O,,,,,,,,,,,,,,,,,,,,,,,,,,,,,,,,,,,,,,,,,,,,,,,,,,,,,,,,,,,,,,,,,,,,,,,,,,,,,,,E
E,,,,,,,,,,,,,,,,,,,,,,,,,,,,,,,,,,,,,,,,,,,,,,,,,,,,,,,,,,,,,,,,,,,,,,,,,,,,,,,,,,,,,,,mana_regen_percent,,,,,,int_dmg,,,,,,,,,,,,,,,,,,,,,,,,,,,,,,,,,,,,,,,,,,,,,,,,,,,,,,,,,,,,,,,,,,,,,,,,,,,,,,,E
E,,,,,,,,,,,,,,,,,,,,,,,,,,,,,,,,,,,,,,,,,,,,,,,,,,,,,,,,,,,,,,,,,,,,,,,,,,,,,,,,,,,,,,,O,,,,,,O,,,,,,,,,,,,,,,,,,,,,,,,,,,,,,,,,,,,,,,,,,,,,,,,,,,,,,,,,,,,,,,,,,,,,,,,,,,,,,,E
E,,,,,,,,,,,,,,,,,,,,,,,,,,,,,,,,,,,,,,,,,,,,,,,,,,,,,,,,,,,,,,,,,,,,,,,,,,,,,,,,,,,,,,,magic_shield_percent,,,,,,int_dmg,,,,,,,,,,,,,,,,,,,,,,,,,,,,,,,,,,,,,,,,,,,,,,,,,,,,,,,,,,,,,,,,,,,,,,,,,,,,,,,E
E,,,,,,,,,,,,,,,,,,,,,,,,,,,,,,,,,,,,,,,,,,,,,,,,,,,,,,,,,,,,,,,,increase_healing_big,O,increase_healing,,,,,,,,,,,,,,,,,,,,,O,,,,,,O,,,,,,,,,,,,,,,,,,,,,critical_damage,O,critical_damage_big,,,,,,,,,,,,,,,,,,,,,,,,,,,,,,,,,,,,,,,,,,,,,,,,,,,,,,,,E
E,,,,,,,,,,,,,,,,,,,,,,,,,,,,,,,,,,,,,,,,,,,,,,,,,,,,,,,,,,,,,,,,O,,O,,,,,,,,,,,,,tormentor,,,,,,,,,mana_percent,,,,int_dmg,,,,,,,,,warlock,,,,,,,,,,,,,O,,O,,,,,,,,,,,,,,,,,,,,,,,,,,,,,,,,,,,,,,,,,,,,,,,,,,,,,,,,E
E,,,,,,,,,,,,,,,,,,,,,,,,,,,,,,,,,,,,,,,,,,,,,,,,,,,,,,,,,,,,,,,,increase_healing,O,increase_healing,,,,,,,,,,,,,O,,,,,,,,,,O,cdr,O,,,,,,,,,,O,,,,,,,,,,,,,critical_damage,O,critical_damage,,,,,,,,,,,,,,,,,,,,,,,,,,,,,,,,,,,,,,,,,,,,,,,,,,,,,,,,E
E,,,,,,,,,,,,,,,,,,,,,,,,,,,,,,,,,,,,,,,,,,,,,,,,,,,,,,,,,,,,,,,,,,,O,,,,,,,,,,,,O,,,,,,,,,,,O,,,,,,,,,,,O,,,,,,,,,,,,O,,,,,,,,,,,,,,,,,,,,,,,,,,,,,,,,,,,,,,,,,,,,,,,,,,,,,,,,,,,E
E,,,,,,,,,,,,,,,,,,,,,,,,,,,,,,,,,,,,,,,,,,,,,,,,,,,,,,,,,,,,,,,,,,,,int,O,O,O,O,O,O,O,O,O,O,int,O,O,O,O,O,O,O,O,O,O,int,O,O,O,O,O,O,O,O,O,O,int,O,O,O,O,O,O,O,O,O,O,int,,,,,,,,,,,,,,,,,,,,,,,,,,,,,,,,,,,,,,,,,,,,,,,,,,,,,,,,,,,,E
E,,,,,,,,,,,,,,,,,,,,,,,,,,,,,,,,,,,,,,,,,,,,,,,,,,,,,,,,,,,,,,,,,,,O,,,,,,,,,,,,O,,,,,,,,,,,,,,,,,,,,,,O,,,,,,,,,,,,O,,,,,,,,,,,,,,,,,,,,,,,,,,,,,,,,,,,,,,,,,,,,,,,,,,,,,,,,,,,E
E,,,,,,,,,,,,,,,,,,,,,,,,,,,,,,,,,,,,,,,,,,,,,,,,,,,,,,,,,,,,,,,,,,O,,,,,,,,,,,,O,,O,,,,,,,,,,mana_percent_big,,,,,,,,,,,,O,,,,,,,,,,,,O,,,,,,,,,,,,,,,,,,,,,,,,,,,,,,,,,,,,,,,,,,,,,,,,,,,,,,,,,,E
E,,,,,,,,,,,,,,,,,,,,,,,,,,,,,,,,,,,,,,,,,,,,,,,,,,,,,,,,,,,,,,,,,O,,,,,,,,,,,,O,,,O,,,,,,,,,,O,,,,,,,,,,,O,magic_shield_regen_percent,O,,,,,,,,,,,,O,,,,,,,,,,,,,,,,,,,,,,,,,,,,,,,,,,,,,,,,,,,,,,,,,,,,,,,,,E
E,,,,,,,,,,,,,,,,,,,,,,,,,,,,,,,,,,,,,,,,,,,,,,,,,,energy_percent_big,O,energy_percent,,,,,,,,,,,,O,,,,,,O,health_regen_percent_big,O,,,,,int_dmg,,,mana_regen_percent,,,,,,,,,,mana_regen_percent,,,,,,,,,,magic_shield_regen_percent,,,,magic_shield_percent,,,,O,increase_healing,O,,,,,,O,,,,,,,,,,,,health_regen_percent,O,health_regen_percent_big,,,,,,,,,,,,,,,,,,,,,,,,,,,,,,,,,,,,,,,,,,E
E,,,,,,,,,,,,,,,,,,,,,,,,,,,,,,,,,,,,,,,,,,,,,,,,,O,,,,O,,,,,,,,,,O,,,,,,dot_dmg,,,,health_regen_percent_big,,,O,,,,,O,,,,all_water_damage_big,,all_lightning_damage_big,,,O,,,all_fire_damage_big,,all_chaos_damage_big,,,,,O,,,,O,,,increase_healing,,,,health_percent_big,,,,,,O,,,,,,,,,,O,,,,O,,,,,,,,,,,,,,,,,,,,,,,,,,,,,,,,,,,,,,,,,E
E,,,,,,,,,,,,,,,,,,,,,,,,,,,,,,,,,,,,,,,,,,,,,,,,energy_regen_percent_big,,,,,,energy_percent,,,,,,,,int,,,,,,,O,,,,O,,,int_dmg_big,,,,,mana_regen_percent_big,,,O,,,,O,,mana_percent,,O,,,,O,,,,magic_shield_percent_big,,,,magic_shield_percent,,,O,,,,O,,,,,,,int,,,,,,,,health_regen_percent,,,,,,health_percent_big,,,,,,,,,,,,,,,,,,,,,,,,,,,,,,,,,,,,,,,,E
E,,,,,,,,,,,,,,,,,,,,,,,,,,,,,,,,,,,,,,,,,,,,,,,,O,,,,,,,O,,,,,,O,,,,,,,,dot_dmg,,,,str_big,,,O,,,,,O,,,water_penetration,,,,lightning_penetration,,O,,fire_penetration,,,,chaos_penetration,,,,,,magic_shield_percent,O,,,,health_percent,,,,health_regen_percent,,,,,,,,O,,,,,,O,,,,,,,O,,,,,,,,,,,,,,,,,,,,,,,,,,,,,,,,,,,,,,,,E
E,,,,,,,,,,,,,,,,,,,,,,,,,,,,,,,,,,,,,,,,,,,,,,,,energy_regen_percent,,,,,,,energy_percent,,,,,O,,,,,,all_physical_damage_big,,,,O,dot_dmg,O,,O,,,int_dmg,,,mana_regen_percent,,,,O,,,,O,,mana_battery,,O,,,,O,,,,,,O,,,,O,,O,health_regen_percent,O,,,,spell_water_damage_big,O,,,,,O,,,,,health_regen_percent,,,,,,,health_percent,,,,,,,,,,,,,,,,,,,,,,,,,,,,,,,,,,,,,,,,E
E,,,,,,,,,,,,,,,,,,,,,,,,,,,,,,,,,,,,,,,,,,,,,,,,,O,,,,,,O,,,,O,,,,,,,,O,,,,,,,O,,,O,,O,,,int_big,,,water_penetration,,lightning_penetration,,,O,,,fire_penetration,,chaos_penetration,,,int_big,,,,O,,,,O,,,,,,,O,,,spell_lightning_damage_big,,,,,O,,,,O,,,,,,O,,,,,,,,,,,,,,,,,,,,,,,,,,,,,,,,,,,,,,,,,E
E,,,,,,,,,,,,,,,,,,,,,,,,,,,,,,,,,,,,,,,,,,,,,,,,,,energy_regen_percent,,,,energy_percent,,,,O,,,,,,,,,,all_physical_damage_big,,,,,,O,,,,O,,,,O,,,,O,,,,O,,,,O,,,,O,,,,O,,,,O,,,,,,all_lightning_damage,,,,,O,,,,,O,,,,health_percent,,,,health_percent,,,,,,,,,,,,,,,,,,,,,,,,,,,,,,,,,,,,,,,,,,E
E,,,,,,,,,,,,,,,,,,,,,,,,,,,,,,,,,,,,,,,,,,,,,,,,,,,O,energy_regen_percent,O,,O,,O,,,,,,int_dmg_big,,,,,O,,,,,,O,,O,O,int,O,O,O,int,O,O,O,int,O,O,O,int_big,O,O,O,int,O,O,O,int,O,O,O,int,O,O,O,int,,,,,,O,,,,,spell_fire_damage_big,,,,,,O,,O,,O,health_percent,O,,,,,,,,,,,,,,,,,,,,,,,,,,,,,,,,,,,,,,,,,,,E
E,,,,,,,,,,,,,,,,,,,,,,,,,,,,,,,,,,,,,,,,,,,,,,,,,,,,,,,,int,,,,,,,,O,,,int_dmg,,,,,,O,int,O,,,,,,,,,,,O,,,,O,,,,O,,,,,,,,O,,,,,O,,,,,,int_dmg,,,O,,,,,,,,str,,,,,,,,,,,,,,,,,,,,,,,,,,,,,,,,,,,,,,,,,,,,,,,,E
E,,,,,,,,,,,,,,,,,,,,,,,,,,,,,,,,,,,,,,,,,,,,,,,,,,,,,,,O,,O,O,O,O,,,,,int_dmg,O,,O,,,,O,,O,,,,,,,,,critical_hit,O,critical_hit,,,,,O,,,,,cdr,O,cdr,,,,O,chaos_penetration,O,all_chaos_damage,,,,O,,,,O,,O,all_lightning_damage,,,,,,,,O,,O,,,,,,,,,,,,,,,,,,,,,,,,,,,,,,,,,,,,,,,,,,,,,,,E
E,,,,,,,,,,,,,,,,,,,,,,,,,,,,,,,,,,,,,,,,,,,,,,,,,,,,,,O,,,,,,,int,,,,,,,,O,,O,,,,O,,,,,,,,O,,O,,,,O,magic_shield_percent,O,,,,O,,O,,,dot_dmg,,,,,O,,,,O,,O,,,,,,,magic_shield_regen_percent_big,O,magic_shield_percent_big,,,O,,,O,,,,,,,,,,,,,,,,,,,,,,,,,,,,,,,,,,,,,,,,,,,,,,E
E,,,,,,,,,,,,,,,,,,,,,,,,,,,,,,,,,,,,,,,,,,,,,,,,,,,,,O,,,,,,,,,O,,,,,,,,int,,,,,,hp_mana_small,O,mana_percent,O,,,,critical_damage_big,O,critical_hit,,,magic_shield_percent,,O,,magic_shield_percent,,,cdr,O,cdr_big,,O,,,,,,all_chaos_damage,,,,,int,,,,,,,,O,,O,,,O,,,,O,,,,,,,,,,,,,,,,,,,,,,,,,,,,,,,,,,,,,,,,,,,,,E
E,,,,,,,,,,,,,,,,,,,,,,,,,,,,,,,,,,,,,,,,,,,,,,,,,,,,O,,,,,health_percent_big,O,health_percent,,,,O,,,,,,O,,O,,,,,O,,,,mana_percent_big,,,,,,,O,,,magic_shield_regen_percent_big,,,O,,,,,,dot_dmg,O,dot_dmg_big,,,,O,,,,O,,O,,,,,,,magic_shield_percent_big,O,magic_shield_regen_percent_big,,,O,,,,,O,,,,,,,,,,,,,,,,,,,,,,,,,,,,,,,,,,,,,,,,,,,,E
E,,,,,,,,,,,,,,,,,,,,,,,,,,,,,,,,,,,,,,,,,,,,,,,,,,,O,,,,,,O,,O,,,,,O,,,,O,,,mana_regen_percent,O,energy_regen_percent,,,health_percent,,,,,O,,,,,,magic_shield_percent_big,,,O,,,magic_shield_percent_big,,,,,,O,,,,spell_chaos_damage_big,O,chaos_penetration,,spell_water_damage,O,mana_ene_regen_small,,,O,,,,,O,,,,,,O,,,,,,O,,,,,,,,,,,,,,,,,,,,,,,,,,,,,,,,,,,,,,,,,,,E
E,,,,,,,,,,,,,,,,,,,,,,,,,,,,,,,,,,,,,,,,,,,,,,,,,,int,,,,,,,health_regen_percent,O,health_percent,,,,,,O,,O,,,,O,,O,,,O,,,,,mana_percent,,,block_chance_big,,,O,,,magic_shield_regen_percent_big,,,O,,all_lightning_damage,O,critical_damage_big,,dot_dmg,,,,,,O,,O,,O,,,,O,,O,ms_all_in,,,,,,,str,,,,,,,O,,,,,,,,,,,,,,,,,,,,,,,,,,,,,,,,,,,,,,,,,,E
E,,,,,,,,,,,,,,,,,,,,,,,,,,,,,,,,,,,,,,,,,,,,,,,,,O,,,,,spirit_cost_big,O,,,,,O,,,,,,str_big,,,,,mana_regen_percent_big,,energy_regen_percent_big,,,,health_percent_big,,,,O,,,O,,,,magic_shield_percent,,O,,magic_shield_percent,,,O,,O,,O,,,,,all_chaos_damage,,,mana_regen_percent_big,,spell_water_damage,,,,,str_big,,,,,,,,O,,,,,,,,,dex,,,,,,,,,,,,,,,,,,,,,,,,,,,,,,,,,,,,,,,,,E
E,,,,,,,,,,,,,,,,,,,,,,,,,,,,,,,,,,,,,,,,,,,,,,,,O,,,,,,,,spirit_cost,,,,,health_percent,,,,O,,O,O,,,,,,,,,,O,health_percent,O,hp_mana_small,,,,block_chance,,,,O,magic_shield_percent,O,,,,critical_hit,O,all_lightning_damage,,,chaos_penetration,O,all_chaos_damage,O,,,O,,,,,,O,O,,O,,,,,,O,,,,,,,,,,,O,,,,,,,,,,,,,,,,,,,,,,,,,,,,,,,,,,,,,,,,E
E,,,,,,,,,,,,,,,,,,,,,,,,,,,,,,,,,,,,,,,mantra,O,cdr,,,,,,O,,,,,,,,,,O,,,,O,,,O,,,,,O,,,,,,,,,,,,,O,,,,O,,,,O,,,,O,,,,,O,,,,,,,O,,,,,O,,,,,O,,,,O,,,,,phys_to_water_big,,,,,,,,O,,,,,,bow_damage,O,dex_dmg_big,,,,,,,,,,,,,,,,,,,,,,,,,,,,,,,E
E,,,,,,,,,,,,,,,,,,,,,,,,,,,,,,,,,,,,,,,O,,O,,,,,O,,,,,,,,,,,spirit_cost,,,,O,,O,,,,,,,int,,,,,staff_damage_big,O,staff_damage,,,,,int,O,O,O,int,O,O,O,int_big,O,O,O,int,O,O,O,int,,,,,staff_damage_big,O,staff_damage,,,,,int,,,,,,,O,,O,,,,,,O,,,,,,,,,O,,,,,O,,O,,,,,,,,,,,,,,,,,,,,,,,,,,,,,,,E
E,,,,,,,,,,,,,,,,,,,,,,,,,,,,,,,,,,,,,,,cdr,O,cdr,,,,O,,,,,spirit_cost_big,,,,,,,O,,,,,dex_big,,,,lifesteal,,,,,O,,,,O,,,,,,O,,,,,,,,O,,O,,,,,,,,O,,,,,,O,,,,O,,O,,O,spell_lifesteal,,,,str_big,,,,,,all_elemental_damage,,,,,,,,,,,O,,,,dex_dmg,O,crossbow_damage,,,,,,,,,,,,,,,,,,,,,,,,,,,,,,,E
E,,,,,,,,,,,,,,,,,,,,,,,,,,,,,,,,,,,,,,,,,,O,,O,,,,,,O,,,,,,,spirit_cost,,,,O,,O,,,O,,,,,,O,,,staff_damage,O,staff_damage,O,,O,,,,,critical_hit_big,,,O,,,,O,,,inc_aoe_big,,,,,O,,O,staff_damage,O,staff_damage,,,O,,,,spell_lifesteal_big,,,,,O,,O,,,,,O,,,O,phys_to_lightning_big,,,,,,,,O,,O,,,,,,,,,,,,,,,,,,,,,,,,,,,,,,,,,,E
E,,,,,,,,,,,,,,,,,,,,,,,,,,,,,,,,,,,,,,,,,,,int,,,,,,,,spirit_cost,,,,,,O,,,O,,,O,,,,spell_lifesteal_big,,,,,,int,,,,,,int,,,,,,O,,,critical_hit,,int_dmg,,inc_aoe,,,O,,,,,,int,,,,,,int,,,,O,,,,,,O,,,O,,,,bow_damage,O,all_elemental_damage,,,,,,,,,,,dex,,,,,,,,,,,,,,,,,,,,,,,,,,,,,,,,,,,E
E,,,,,,,,,,,,,,,,,,,,,,,,,,,,,,,,,,,,,,,,,,,O,,,,,,,,,O,spirit_cost,O,spirit_cost,O,O,,O,,,,,O,,O,,O,spell_lifesteal,,,,,O,,,,O,,O,,,spell_fire_damage_big,,,critical_hit,O,,,O,,,O,inc_aoe,,,mana_regen_percent,O,,O,,O,,,,O,,,,,spell_lifesteal,,,,,O,,,,,O,,O,,,,,,,critical_hit,O,critical_damage_big,,,O,O,,O,,,,,,,,,,,,,,,,,,,,,,,,,,,,,,,,,,E
E,,,,,,,,,,,,,,,,,,,,,,,,,,,,,,,,,,,,,,,,,,,O,,,,,,,,,,,,,,,int,,,,,,,int,,,,,,,,,,O,,O,,,,O,,O,,,,,critical_hit,,int_dmg_big,,inc_aoe,,,,O,,,mana_ms_percent_small,,,,O,,O,,,,,,,,,,dex,,,,,,,str,,,,,,,,O,,O,,,O,,,O,,,,,,,,,,,,,,,,,,,,,,,,,,,,,,,,,,E
E,,,,,,,,,,,,,,,,,,,,,,,,,,,,,,,,,,,,,,,,,,,O,,,,,,,,,,,,,,O,,O,dot_dmg,O,all_fire_damage,,,,O,,,,,,,,,,int,,,,,,int_dmg,,,int_dmg_big,,,O,,O,,O,,,mana_percent_big,,,,,O,,,,int,,,,,,,,,,O,,O,,O,magic_shield_percent,O,,,O,,,,,,,critical_hit,O,critical_damage,,,O,,O,,,,,,,,,,,,,,,,,,,,,,,,,,,,,,,,,,,E
E,,,,,,,,,,,,,,,,,,,,,,,,,,,,,,,,,,,,,,,,,,,O,,,,,cdr,O,cdr,,,,,,O,,,,O,,O,,,,,O,,,,,hp_mana_big,O,hp_mana_small,,,O,,,spell_lightning_damage_big,O,,O,,O,,,O,,int_dmg,,O,,,O,,,,,magic_shield_regen_percent,,,O,,,all_chaos_damage_big,O,dot_dmg_big,,,,,O,,,,dodge_percent,,,,magic_shield_percent,,,O,O,,,,,O,,,,dex,,,O,,,,,,,,,,,,,,,,,,,,,,,,,,,,,,,,,,,E
E,,,,,,,,,,,,,,,,,,,,,,,,,,,,,,,,,,,,,,,,,,,O,,,,O,,,,O,,,,O,,,,,all_fire_damage,O,dot_dmg_big,,,,,,int,,,,O,,O,,,,O,,,,,,int_dmg,,,,O,,O,,O,,,,mana_ms_percent_small,,,O,,,O,,,,O,,O,,,,str,,,,,O,,,,O,,,,,O,,,,dex,O,O,O,,,,O,,,,,,,,,,,,,,,,,,,,,,,,,,,,,,,,,,,E
E,,,,,,,,,,,,,,,,,,,,,,,,,,,,,,,,,,,,,,,,,,,O,,,,increase_healing_big,,,,,divinity,O,int,,,,,,,,,,,,,,,O,,,hp_mana_small,O,hp_mana_small,,,,,int,,,spell_water_damage_big,O,,O,,O,hp_mana_small,O,hp_mana_big,O,hp_mana_small,O,,O,,O,magic_shield_percent_big,,,int,,,,,dot_dmg,O,all_fire_damage_big,,,O,,O,,,,dodge_percent,,,,magic_shield_percent_big,,,,,O,,O,O,,,,,,,,dex,,,,,,,,,,,,,,,,,,,,,,,,,,,,,,,,,,,E
E,,,,,,,,,,,,,,,,,,,,,,,,,,,,,,,,,,,,,,,,,,,O,,,,O,,,,O,,,O,,,,,,,,,,energy_regen_percent_big,O,energy_regen_percent,,,,O,,,,,O,,O,O,,O,,,,,,int_big,,,,,,,,int_big,,,,,,O,,O,O,,O,,,,,O,,,int_dmg,O,all_physical_damage,,,O,dodge_percent,O,,,O,energy_percent,O,dex,O,,,,,,,,,,O,,,,,,,,,,,,,,,,,,,,,,,,,,,,,,,,,,,E
E,,,,,,,,,,,,,,,,,,,,,,,,,,,,,,,,,,,,,,,,,,,O,,,,,increase_healing,O,increase_healing,,,,O,,,magic_shield_percent,O,magic_shield_percent,,,,,O,,O,,,,,int,,,,,int_big,,,,,O,,,,O,,O,O,,,,O,O,,O,,,,O,,,,,int_big,,,,,dex,,,,O,,O,,,,,,,energy_regen_percent,,,,O,,,,,all_chaos_damage,O,all_chaos_damage,,,,O,,,,,,,,,,,,,,,,,,,,,,,,,,,,,,,,,,,E
E,,,,,,,,,,,,,,,,,,,,,,,,,,,,,,,,,,,,,,,,,,,O,,,,,,,,,,,O,,O,,,,O,,,,energy_percent,O,energy_regen_percent,,,,O,,O,,,O,,O,,,,,int,O,O,cdr,,,,int_dmg,,magic_shield_regen_percent,,,,int_dmg,O,O,int,,,,,O,,O,,,O,,O,,,int_dmg,,int_dmg_big,,,,,,,O,,,,O,,,,O,,,,O,,,O,,,,,,,,,,,,,,,,,,,,,,,,,,,,,,,,,,,E
E,,,,,,,,,,,,,,,,,,,,,,,,,,,,,,,,,,,,,,,,,,,O,,,,,,,,,,,int,O,magic_shield_percent,,,,magic_shield_percent_big,,,,,,,O,,O,,,,O,,O,,,harmony,,,,O,,,,O,,,O,,O,,,O,,,,O,,critical_hit,O,true_hit,,,O,,O,,,,O,,O,,,,,,,,,,energy_percent_big,,,dex,O,O,O,warlock,,,,dot_dmg_big,,,O,,,,,,,,,,,,,,,,,,,,,,,,,,,,,,,,,,,E
E,,,,,,,,,,,,,,,,,,,,,,,,,,,,,,,,,,,,,,,,,,,int,,,,all_fire_damage,O,all_fire_damage,,,,,O,,O,,,,O,,,cdr,O,cdr,,,int,,,,,,int,,,,,O,,,,O,O,,,cdr,O,int_dmg,,magic_shield_percent,O,int_dmg,,,O,O,,,O,,,,,,dex,,,,,,str,,,,,,,O,critical_hit_big,O,,,,,O,,,,O,,,,O,,,dex,,,,,,,,,,,,,,,,,,,,,,,,,,,,,,,,,,,E
E,,,,,,,,,,,,,,,,,,,,,,,,,,,,,,,,,,,,,,,,,,,O,,phys_to_fire_big,O,,,,O,all_fire_damage,,,O,,,magic_shield_regen_percent,O,magic_shield_regen_percent,,,,O,,,,O,,,,,,,O,O,,,,,magic_shield_regen_percent_big,,,,,int,,,,O,,O,,,,int,,,,,critical_hit_big,,,,,O,,,,,,O,,O,,,,,critical_damage,,O,,critical_damage,,,,O,,,,,all_physical_damage,O,all_physical_damage,,,,O,,,,,,,,,,,,,,,,,,,,,,,,,,,,,,,,,,,E
E,,,,,,,,,,,,,,,,,,,,,,,,,,,,,,,,,,,,,,,,,,,O,,,,,,,,,O,,O,,,,,,,,,cdr,O,,O,,,O,O,inc_aoe,O,,O,,O,,,,,,,,O,,O,,,int_dmg,,magic_shield_percent,,,O,,O,,,,,,,,O,,,O,critical_hit,O,all_physical_damage,,,,O,,,,O,,O,,O,,,,O,,,,,,,,,,,O,,,,,,,,,,,,,,,,,,,,,,,,,,,,,,,,,,,E
E,,,,,,,,,,,,,,,,,,,,,,,,,,,,,,,,,,,,,,,,,,,O,,,,,,,,,all_physical_damage,O,int,,,,,O,health_percent_big,O,,,,int,O,O,str,,,,,inc_aoe_big,,,,int,,,,,,,int,,,O,,O,,O,,O,,,int,,,,,,,str,,,critical_damage_big,,,,O,,,,,dex,O,critical_damage,,,spell_lifesteal,,,critical_damage,O,O,str,,,,,,,,,,,O,,,,,,,,,,,,,,,,,,,,,,,,,,,,,,,,,,,E
E,,,,,,,,,,,,,,,,,,,,,,,,,,,,,,,,,,,,,,,,,,,O,,,,,,,,,O,,O,,,,health_percent,,,,health_percent,,,O,,,O,,,,,O,,,,,O,,,,,,,O,,,int,,,,int,,,O,,,,,,,O,,,O,,,,,armor_penetration_percent,,,,,O,,,O,,O,,O,,,,O,,,,O,all_physical_damage,O,all_physical_damage,O,,,O,,,,,,,,,,,,,,,,,,,,,,,,,,,,,,,,,,,E
E,,,,,,,,,,,,,,,,,,,,,,,,,,,,,,,,,,,,,,,,,,,O,,phys_to_water_big,O,,,,O,all_water_damage,,,O,,,,O,,,,O,,,O,,,int_dmg,,,,,inc_aoe,,,,,,O,,O,int,,,,O,,,O,MAGE,O,,,O,,,,dex,O,,O,,,,critical_hit,,,,,O,,,,,O,,,dodge_percent,,O,,dodge_percent,,,,O,,,all_physical_damage,,,,,,all_physical_damage_big,,O,,,,,,,,,,,,,,,,,,,,,,,,,,,,,,,,,,,E
E,,,,,,,,,,,,,,,,,,,,,,,,,,,,,,,,,,,,,,,,,,,O,,,,all_water_damage,O,all_water_damage,,,,,O,,,,health_percent,,,,health_percent,,,O,,,O,,,,,O,,,,,,,int,,,O,,,,int,,,,,,int,,,,O,,,dex,,,,,O,,,,armor_penetration_percent_big,,,,,,O,,,,O,dodge_percent_big,O,,,,,O,,O,,,,,,,,,O,,,,,,,,,,,,,,,,,,,,,,,,,,,,,,,,,,,E
E,,,,,,,,,,,,,,,,,,,,,,,,,,,,,,,,,,,,,,,,,,,O,,,,,,,,,,,int,O,O,O,,O,health_percent,O,,O,O,int,,,,int_dmg_big,O,int_dmg,O,int_big,O,O,health_percent,O,health_percent,,,O,,,O,,,,O,,,,O,,,,O,,,O,,,,,,all_physical_damage,O,armor_penetration_percent,O,,O,,,,,dex,,,,,,,,,,,dex,O,bow_damage,,,,,,,,,O,,,,,,,,,,,,,,,,,,,,,,,,,,,,,,,,,,,E
E,,,,,,,,,,,,,,,,,,,,,,,,,,,,,,,,,,,O,all_elemental_damage,O,all_elemental_damage,O,,,,O,,,,,O,all_elemental_damage_big,O,,,,O,,,,,,O,,,,,O,,,,,,,,O,,,O,,O,,,,O,,,int,,,O,,[CENTER],,O,,,dex,,,O,,,O,bow_damage,O,,O,,,,,dex_dmg,,,,,O,,,,O,mana_percent_big,O,,,,,O,,O,,,,,,,,,O,,,,O,all_physical_damage,O,all_physical_damage,O,,,,,,,,,,,,,,,,,,,,,,,,,,,E
E,,,,,,,,,,,,,,,,,,,,,,,,,,,,,,,,,,all_elemental_damage_big,,,,,,all_elemental_damage,,,O,,,,O,,O,,O,,,O,,,,block_chance,O,elemental_resist,O,block_chance,,,O,,,,spell_elemental_damage_big,,,health_percent,,critical_hit,,health_percent,O,health_percent,O,,,,int,,,O,O,magic_shield_percent,,,,mana_percent,O,O,,,dex,,,all_physical_damage,,,,all_physical_damage_big,,,,dex_dmg,O,,O,dex_dmg,,,O,,,mana_percent,,O,,mana_percent,,,,O,,,bow_damage,,,,,,all_elemental_damage_big,,O,,,all_physical_damage,,,,,,all_physical_damage_big,,,,,,,,,,,,,,,,,,,,,,,,,,E
E,,,,,,,,,,,,,,,,,,,,,,,,,,,,,,,,,,,,,,,,,O,,O,,,O,,,O,,,O,,O,,,O,,,O,,,O,,O,,,O,,O,,O,,O,,,,,,O,,,,O,,,,,O,,O,,,,,O,,,O,,O,crossbow_damage,O,,O,,,,,,,,O,,O,,,O,,O,,O,,,,O,,,,O,bow_damage,O,bow_damage,O,,,O,,O,,,,,,,,,,,,,,,,,,,,,,,,,,,,,,,,,E
E,,,,,,,,,,,,,,,,,,,,,,,,,,,,,,,,,,,,,,,,,cdr,O,str,O,O,all_elemental_damage,,,elemental_purity,,,elemental_resist,O,str_big,O,O,elemental_resist,,,str_big,,,elemental_resist,O,int_big,O,all_elemental_damage,,spell_elemental_damage_big,,health_percent_big,,,,critical_hit_big,,,,,,all_elemental_damage,O,O,Guardian,,,,,,cdr_big,,,,,,Ranger,O,hp_dodge_small,,,,,,,hp_hp_regen_big,,,,,,,,all_physical_damage,O,dex_big,O,int,,,cdr_big,,,int,O,O,dex_big,,,,,,,,,,,dex,O,cdr,,,,,,,,,,,,,,,,,,,,,,,,,,,,,,,,,E
E,,,,,,,,,,,,,,,,,,,,,,,,,,,,,,,,,,,,,,,,,O,,O,,,O,,,O,,,O,,O,,,O,,,O,,,O,,O,,,O,,O,,O,,O,,,,,,O,,,,O,,,,,O,,O,,,,,O,,,O,,O,hp_dodge_small,O,,O,,,,,,,,O,,O,,,O,,O,,O,,,,O,,,,O,crossbow_damage,O,crossbow_damage,O,,,O,,O,,,,,,,,,,,,,,,,,,,,,,,,,,,,,,,,,E
E,,,,,,,,,,,,,,,,,,,,,,,,,,,,,,,,,,health_percent_big,,,,,,mana_percent,,,O,,,,O,,O,,O,,,O,,,,block_chance,O,elemental_resist,O,block_chance,,,O,,,,all_elemental_damage_big,,,health_percent,,critical_hit,,hp_mana_small,O,hp_mana_small,O,,,,str,,,O,O,health_percent,,,,dodge_percent,O,O,,,str,,,hp_dodge_small,,,,critical_hit_big,,,,dodge_percent_big,O,,O,hp_dodge_small,,,O,,,dex_dmg,,O,,dex_dmg,,,,O,,,crossbow_damage,,,,,,crossbow_damage_big,,O,,,energy_percent,,,,,,health_percent_big,,,,,,,,,,,,,,,,,,,,,,,,,,E
E,,,,,,,,,,,,,,,,,,,,,,,,,,,,,,,,,,,O,mana_regen_percent,O,health_percent,O,,,,O,,,,,O,elemental_resist_big,O,,,,O,,,,,,O,,,,,O,,,,,,,,O,,,O,,O,,,,O,,,str,,,O,,,,O,,,str,,,O,,,O,critical_hit,O,,O,,,,,hp_dodge_small,,,,,O,,,,O,dex_dmg_big,O,,,,,O,,O,,,,,,,,,O,,,,O,health_percent,O,energy_regen_percent,O,,,,,,,,,,,,,,,,,,,,,,,,,,,E
E,,,,,,,,,,,,,,,,,,,,,,,,,,,,,,,,,,,,,,,,,,,O,,,,,,,,,,,str,O,O,O,,O,mana_percent,O,,O,O,str,,,,increase_healing_big,O,increase_healing,O,health_regen_percent_big,O,O,hp_mana_small,O,hp_mana_small,,,O,,,O,,,,O,,,,O,,,,O,,,O,,,,,,dodge_percent,O,energy_percent,O,,O,,,,,str,,,,,,,,,,,str,O,crossbow_damage,,,,,,,,,O,,,,,,,,,,,X,,,,,,,,,,,,,,,,,,,,,,,,E
E,,,,,,,,,,,,,,,,,,,,,,,,,,,,,,,,,,,,,,,,,,,O,,,,all_lightning_damage,O,all_lightning_damage,,,,,O,,,,mana_percent,,,,mana_percent,,,O,,,O,,,,,O,,,,,,,str,,,O,,,,str,,,,,,str,,,,O,,,str,,,,,O,,,,energy_regen_percent_big,,,,,,O,,,,O,health_percent_big,O,,,,,O,,O,,,,,,,,,O,,,,,,,,,,,,,,,,,,,,,,,,,,,,,,,,,,,E
E,,,,,,,,,,,,,,,,,,,,,,,,,,,,,,,,,,,,,,,,,,,O,,phys_to_lightning_big,O,,,,O,all_lightning_damage,,,O,,,,O,,,,O,,,O,,,increase_healing,,,,,mana_cost,,,,,,O,,O,str,,,,O,,,O,WARRIOR,O,,,O,,,,str,O,,O,,,,dodge_percent,,,O,,O,,,,,O,,,health_regen_percent,,O,,health_regen_percent,,,,O,,,crossbow_damage,,,,,,all_elemental_damage_big,,O,,,,,,,,,,,,,,,,,,,,,,,,,,,,,,,,,,,E
E,,,,,,,,,,,,,,,,,,,,,,,,,,,,,,,,,,,,,,,,,,,O,,,,,,,,,O,,O,,,,mana_percent,,,,mana_percent,,,O,,,O,,,,,O,,,,,O,,,,,,,O,,,str,,O,,str,,,O,,,,,,,O,,,O,,O,energy_percent_big,,energy_percent,,,,,O,,,O,,O,,O,,,,O,,,,O,crossbow_damage,O,crossbow_damage,O,,,O,,,,,,,,,,,,,,,,,,,,,,,,,,,,,,,,,,,E
E,,,,,,,,,,,,,,,,,,,,,,,,,,,,,,,,,,,,,,,,,,,O,,,,,,,,,all_physical_damage,O,str,,,,,O,mana_percent_big,O,,,,str,O,O,int,,,,,mana_cost_big,,,,str,,,,,,,str,,,O,,,health_percent,,,O,,,str,,,,,,,dex,,,dodge_percent_big,,,,O,,,,,str,O,health_percent,,,lifesteal,,,health_percent,O,O,dex,,,,,,,,,,,O,,,,,,,,,,,,,,,,,,,,,,,,,,,,,,,,,,,E
E,,,,,,,,,,,,,,,,,,,,,,,,,,,,,,,,,,,,,,,,,,,O,,,,,,,,,O,,O,,,,,,,,,block_chance,O,,O,,,O,O,mana_cost,O,,O,,O,,,,,,,,O,,O,,,O,,O,,,O,,O,,,,,,,,O,,,O,dodge_percent,O,energy_percent,,,,O,,,,O,,O,,O,,,,O,,,,,,,,,,,O,,,,,,,,,,,,,,,,,,,,,,,,,,,,,,,,,,,E
E,,,,,,,,,,,,,,,,,,,,,,,,,,,,,,,,,,,,,,,,,,,O,,phys_to_chaos_big,O,,,,O,all_chaos_damage,,,O,,,staff_damage,O,staff_damage,,,,O,,,,O,,,,,,,O,O,,,health_percent,O,health_percent_big,,,,,str,,,all_physical_damage,,,,armor_percent,,,str,,,,,armor_penetration_percent_big,O,all_physical_damage,,,O,,,,,,O,,O,,,,,energy_regen_percent,,O,,energy_regen_percent,,,,O,,,dodge_percent,O,dodge_percent,,,,,,O,,,,,,,,,,,,,,,,,,,,,,,,,,,,,,,,,,,E
E,,,,,,,,,,,,,,,,,,,,,,,,,,,,,,,,,,,,,,,,,,O,int,,,,all_chaos_damage,O,all_chaos_damage,,,,,O,,O,,,,O,,,block_chance,O,block_chance_big,,,str,,,,,,str,,,,O,,O,,,,O,,,O,,O,,O,,O,,,O,,,,O,,O,,,,str,,,,,,dex,,,,,,,O,energy_percent_big,O,,,,,O,,O,,,,O,,,,,dex,O,O,sniper,,,,,,,,,,,,,,,,,,,,,,,,,,,,,,,,E
E,,,,,,,,,,,,,,,,,,,,,,,,,,,,,,,,,,,,,,,,,,,O,,,,,,,,,,,str,O,staff_damage,,,,staff_damage_big,,,,,,,O,,O,,,,O,,O,,,health_percent_big,O,health_percent,,,O,,,,all_physical_damage,,energy_percent,,health_percent,,armor_percent,,,,O,,,all_physical_damage,O,armor_penetration_percent,,,O,,O,,,,O,,O,,dot_dmg,,,,,,,,O,health_percent,O,str,O,dodge_percent,,,,dodge_percent_big,,,,,O,,,,,,,,,,,,,,,,,,,,,,,,,,,,,,,,,,,E
E,,,,,,,,,,,,,,,,,,,,,,,,,,,,,,,,,,,,,,,,,,,O,,,,,,,,,,,O,,O,,,,O,,,,spell_water_damage_big,,increase_healing,,,,O,,O,,,O,,O,,,,,str,,,,,O,,O,,O,,O,,,,,str,,,,,O,,O,,,O,,O,,,dot_dmg,O,,O,,,,,,health_percent,,,,O,,O,,,,O,,,,,O,,,,,,,,,,,,,,,,,,,,,,,,,,,,,,,,,,,E
E,,,,,,,,,,,,,,,,,,,,,,,,,,,,,,,,,,,,,,,,,,,O,,,,,,,,,,,O,,,staff_damage,O,staff_damage,,,,,O,,O,,,,,str,,,,,str_big,,,,,O,,O,,,,,energy_regen_percent_big,,,,health_regen_percent_big,,,,,O,,O,,,,,dex_big,,,,,str,,,,O,,,,all_chaos_damage,O,dot_dmg_big,,,,O,health_percent_big,,O,,,dodge_percent,O,dodge_percent,,,,,,O,,,,,,,,,,,,,,,,,,,,,,,,,,,,,,,,,,,E
E,,,,,,,,,,,,,,,,,,,,,,,,,,,,,,,,,,,,,,,,,,,O,,,,,,,,,,,O,,,,,,,,,,increase_healing,O,spell_water_damage,,,,O,,,,,O,,O,O,,O,,,O,,,,,,O,health_percent_big,O,,,,,,O,,,O,,O,O,,O,,,,,O,,,all_chaos_damage,O,,O,,,,,,,,,,O,,,,,,,,,,,O,,,,,,,,,,,,,,,,,,,,,,,,,,,,,,,,,,,E
E,,,,,,,,,,,,,,,,,,,,,,,,,,,,,,,,,,,,,,,,,,,O,,,refined_taste,O,spell_lifesteal_big,O,health_percent,O,health_percent,O,str,,,,,,,,,,,,,,,O,,,block_chance,O,block_chance,,,,,str,,,,energy_percent_big,O,energy_regen_percent,O,,,,O,,,,O,armor_percent,O,elemental_resist_big,,,,str,,,,,elemental_resist,O,elemental_resist,,,O,,O,,all_chaos_damage,,,,,,all_lightning_damage,O,all_lightning_damage_big,,,str,O,,,,,,,,,,O,,,,,,,,,,,,,,,,,,,,,,,,,,,,,,,,,,,E
E,,,,,,,,,,,,,,,,,,,,,,,,,,,,,,,,,,,,,,,,,,,O,,,,,,,,,,,,O,,,,,armor_percent,O,armor_percent_big,,,,,,str,,,,O,,O,,,,O,,,,O,,,,,energy_percent,O,O,all_physical_damage_big,O,O,elemental_resist,,,,,O,,,,O,,,,O,,O,,,,dex,,,,,O,,,,O,,,,O,,,O,O,,,,,,,,O,,,,,,,,,,,,,,,,,,,,,,,,,,,,,,,,,,,E
E,,,,,,,,,,,,,,,,,,,,,,,,,,,,,,,,,,,,,,,,,,,O,,,,,,,,,,,,,O,,,,O,,O,,,,,O,,,,,block_chance_big,O,block_chance,,,O,,,,energy_regen_percent,,,,,O,,,,O,,,,O,,,,,armor_percent,,,,O,,,elemental_resist,O,elemental_resist_big,,,,,O,,,dex_dmg,,dex_dmg,,,all_lightning_damage,,,O,,,,,,str,O,O,O,str,,,O,,,,,,,,,,,,,,,,,,,,,,,,,,,,,,,,,,,E
E,,,,,,,,,,,,,,,,,,,,,,,,,,,,,,,,,,,,,,,,,,,O,,,,,,,,,,,,,,O,,O,armor_percent,O,armor_percent,,,,O,,,,,,,,,,str,,,,,O,,,,,all_physical_damage,,health_regen_percent,O,health_percent,O,health_regen_percent,,block_chance,,,,,O,,,,,str,,,,,,,,,,O,,O,,O,,,O,,O,,,,,,,O,,,,,O,,O,,,,,,,,,,,,,,,,,,,,,,,,,,,,,,,,,,,E
E,,,,,,,,,,,,,,,,,,,,,,,,,,,,,,,,,,,,,,,,,,,O,,,,,,,,,,,,,,,str,,,,,,,str,,,,,,,,,,O,,O,,,,str,,,,,O,,O,,,,O,,O,,,,,str,,,,O,,O,,,,,,,,,,str,,,dex_dmg_big,,,,dex,,,,bow_damage_big,,,,dodge_percent,,,,,O,,,O,,,,,,,,,,,,,,,,,,,,,,,,,,,,,,,,,,E
E,,,,,,,,,,,,,,,,,,,,,,,,,,,,,,,,,,,,,,,,,,,O,,,,,,,,,,,,int_dmg,O,O,,O,,,,,O,,,,,spell_lifesteal,,,O,,O,,,,O,,O,,O,all_physical_damage,O,all_physical_damage_big,,,health_percent,,health_percent_big,,health_percent,,,block_chance_big,O,block_chance,O,,O,,O,,,,O,,,,,lifesteal,O,,O,,O,,,,,O,,O,,O,,,,O,,O,,,,O,O,,O,,,,,,,,,,,,,,,,,,,,,,,,,,,,,,,,,,E
E,,,,,,,,,,,,,,,,,,,,,,,,,,,,,,,,,,,,,spirit_cost_big,,,,,,int,,,,,,,,,,int_dmg,O,,,O,,,O,,,O,,,,,,O,,,,str,,,,,,str,,,,,,,O,,O,,O,,O,,O,,,,,,,str,,,,,,str,,,,,,lifesteal_big,,,,O,,,O,,,,int_big,,,,,dodge_percent,,dodge_percent,,,,,,dex,,,,spirit_cost,,,,,,,,,,,,,,,,,,,,,,,,,,,,,,,E
E,,,,,,,,,,,,,,,,,,,,,,,,,,,,,,,,,,,,,,O,,,,O,,O,,,,,,,int_dmg_big,O,,,,,critical_hit,,,,O,,O,,,,,spell_lifesteal_big,,,,O,,,,,,O,,O,,,,,,O,,health_regen_percent,O,health_percent,O,health_regen_percent,,O,,,,,,O,,O,,,,,,O,,,,,,O,,,O,,O,,,,O,,O,,,,,,,,,,,O,,O,,O,,,,,,,,,,,,,,,,,,,,,,,,,,,,,,,,E
E,,,,,,,,,,,,,,,,,,,,,,,,,,,,,,,,,,,,,,,spirit_cost,O,spirit_cost,,,,O,,,,,,,,,,,O,,,,,,dex_big,,,,lifesteal,O,,O,,O,,,,all_fire_damage,O,all_fire_damage,,,,O,,,,,O,,,,O,,,,O,,,,,O,,,,all_chaos_damage,O,all_chaos_damage,,,,O,,,,,lifesteal,,,,int_big,,,,crossbow_damage_big,,,,int_big,O,fire_penetration_big,,,,,,,O,,,,spirit_cost,O,,,spirit_cost_big,,,,,,,,,,,,,,,,,,,,,,,,,,,,,E
E,,,,,,,,,,,,,,,,,,,,,,,,,,,,,,,,,,,,,,,O,,O,,,,,O,,,,,,,,,,critical_damage,,,,,O,,O,,,,,,,str,,,,O,,,,O,,,,str,O,O,O,str,O,O,O,str_big,O,O,O,str,O,O,O,str,,,,O,,,,O,,,,str,,,,,,,O,,O,,,,,,,O,,,O,,,,,O,,,,O,,,,,O,,,,,,,,,,,,,,,,,,,,,,,,,,,,,E
E,,,,,,,,,,,,,,,,,,,,,,,,,,,,,,,,,,,,,,,spirit_cost,O,spirit_cost,,,,,,O,,,,,,,,O,,,,,O,,,,O,,,,,O,,,,,phys_to_fire,,,,dot_dmg,,,,O,,,,O,,,,O,,,,O,,,,O,,,,cdr,,,,phys_to_chaos,,,O,,O,,,,,O,,,,all_physical_damage,,,,,,chaos_penetration_big,,,,phys_to_fire_big,,,O,,,,spirit_cost,,,O,spirit_cost_big,O,spirit_cost,,,,,,,,,,,,,,,,,,,,,,,,,,,,,E
E,,,,,,,,,,,,,,,,,,,,,,,,,,,,,,,,,,,,,,,,,,O,,,,,,O,,,,,,,critical_hit_big,,,,O,,,,,,O,,O,O,,,,,,,O,dot_dmg_big,O,,,,,O,,,,cdr_big,,mana_cost_big,,mana_cost,,all_physical_damage,,all_physical_damage,,,,O,,,,,O,dot_dmg_big,O,,,,health_percent,,,O,O,,O,,,,,,O,,O,all_physical_damage,,,O,,,,,O,,,,,,,,,O,,,,,,,,,,,,,,,,,,,,,,,,,,,,,,,E
E,,,,,,,,,,,,,,,,,,,,,,,,,,,,,,,,,,,,,,,,,,,spirit_cost_big,,,,,,int,,,,,,,,,O,,,,,,,,int_big,,,,,,,,,,,,,,,O,health_percent,O,,,,,O,,O,,O,,O,,,O,armor_percent,O,,,,,,,,health_percent_big,,O,,,,,int_big,,,,,,,,all_physical_damage,,,,,,phys_to_chaos_big,,,dex,,,,,,,,spirit_cost_big,O,spirit_cost,,,,,,,,,,,,,,,,,,,,,,,,,,,,,,,E
E,,,,,,,,,,,,,,,,,,,,,,,,,,,,,,,,,,,,,,,,,,,,,,,,,,O,,,,,,,str,,,,,,blood_mage,O,O,,O,,,,,mana_cost,O,mana_cost_big,,,,,,health_regen_percent,,O,,health_percent,,,,mana_cost,O,mana_cost,,health_percent,O,health_percent,,armor_percent,,O,,armor_percent_big,,,,,,,,O,health_percent,,,,O,,O,,,,,,O,,,,,,,,,O,,,,,,,,,,,,,,,,,,,,,,,,,,,,,,,,,,,,,,,,,,E
E,,,,,,,,,,,,,,,,,,,,,,,,,,,,,,,,,,,,,,,,,,,,,,,,,,,O,,,,,O,,,,O,,O,,,,,,O,,,,O,,O,,,,,,O,,hp_hp_regen_big,,O,,lifesteal_big,,,,O,,,,,,O,,hp_hp_regen_big,,O,,,,,,,,,,,,O,,,,O,,,,,dot_dmg,,,,,,,,O,,,,,,,,,,,,,,,,,,,,,,,,,,,,,,,,,,,,,,,,,,,E
E,,,,,,,,,,,,,,,,,,,,,,,,,,,,,,,,,,,,,,,,,,,,,,,,,,,,O,,,,O,,,health_regen_percent,,health_percent,,,,,,,,O,,O,mana_cost,O,mana_cost,,,,,,health_regen_percent,,O,,health_percent,,O,,,,O,,,,,,armor_percent_big,,O,,armor_percent,,,,,,all_water_damage,O,water_penetration,O,,O,,,,,,O,,,,,,,,,,,O,,,,,,,,,,,,,,,,,,,,,,,,,,,,,,,,,,,,,,,,,,,,E
E,,,,,,,,,,,,,,,,,,,,,,,,,,,,,,,,,,,,,,,,,,,,,,,,,,,,,O,,,O,,O,,,,O,,,,,,,,str,,,,,,all_physical_damage,O,cdr,,,O,health_percent,O,,,lifesteal,,armor_penetration_percent,O,all_physical_damage,,energy_percent,O,energy_percent,,,O,armor_percent,O,,,energy_percent,O,all_physical_damage,,O,,,,str,,,,,,,,O,,,,,,,,,O,,,,,,,,,,,,,,,,,,,,,,,,,,,,,,,,,,,,,,,,,,,,,E
E,,,,,,,,,,,,,,,,,,,,,,,,,,,,,,,,,,,,,,,,,,,,,,,,,,,,,,O,,O,,,health_percent_big,,health_regen_percent,,,,O,all_physical_damage,O,,O,,O,,,,,O,,O,,,,O,,,,O,,O,,O,,O,,O,,,,O,,,,O,,O,,all_water_damage_big,,,O,,O,,O,critical_hit,O,,,,str,O,O,O,O,O,,O,,,,,,,,,,,,,,,,,,,,,,,,,,,,,,,,,,,,,,,,,,,,,,E
E,,,,,,,,,,,,,,,,,,,,,,,,,,,,,,,,,,,,,,,,,,,,,,,,,,,,,,,str,,,,,O,,,,all_physical_damage,,,,all_physical_damage,,,,O,,,,cdr,O,all_physical_damage,,,,O,,,,lifesteal,,all_physical_damage_big,,armor_penetration_percent,,energy_percent_big,,energy_percent,,,,O,,,,all_physical_damage,O,energy_percent,,,,O,,,,critical_hit,,,,critical_hit,,,,,,,,,str,,,,,,,,,,,,,,,,,,,,,,,,,,,,,,,,,,,,,,,,,,,,,,,E
E,,,,,,,,,,,,,,,,,,,,,,,,,,,,,,,,,,,,,,,,,,,,,,,,,,O,magic_shield_percent,O,,O,,O,,,,,,,,O,,,,O,,,,,O,,,,,O,,,,O,,,,O,,,,O,,,,O,,,,O,,,,O,,,,,O,,,,,O,,,,O,,,,,,,,O,,O,,O,mana_regen_percent,O,,,,,,,,,,,,,,,,,,,,,,,,,,,,,,,,,,,,,,,,,,E
E,,,,,,,,,,,,,,,,,,,,,,,,,,,,,,,,,,,,,,,,,,,,,,,,,magic_shield_percent,,,,magic_shield_percent,,,,O,,,,,,,all_physical_damage_big,,,,all_physical_damage,,,,,,str,O,O,O,str,O,O,O,str,O,O,O,str,O,O,O,str_big,O,O,O,str,O,O,O,str,O,O,O,str,O,O,O,str,,,,,,critical_damage,,,,critical_damage_big,,,,,,,O,,,,mana_percent,,,,mana_regen_percent,,,,,,,,,,,,,,,,,,,,,,,,,,,,,,,,,,,,,,,,,E
E,,,,,,,,,,,,,,,,,,,,,,,,,,,,,,,,,,,,,,,,,,,,,,,,O,,,,,,O,,,,O,,,,,,,O,all_physical_damage,O,,,,,,O,,,,,,,,,O,,,,,,,,O,,,,,,,,O,,,,O,,,,,O,hp_dodge_small,O,,,,O,critical_damage,O,,,,,,,O,,,,O,,,,,,O,,,,,,,,,,,,,,,,,,,,,,,,,,,,,,,,,,,,,,,,E
E,,,,,,,,,,,,,,,,,,,,,,,,,,,,,,,,,,,,,,,,,,,,,,,magic_shield_percent,,,,,,,magic_shield_regen_percent,,,,,O,,,,,,,,,,,armor_percent,O,armor_percent,,,,,,,,,O,health_regen_percent,O,,,,,,O,sword_damage,O,,,,,,O,energy_regen_percent,O,,,,cdr,,,hp_dodge_small,,,,hp_dodge_small,,,,,,,,,,,O,,,,,mana_percent,,,,,,,mana_regen_percent,,,,,,,,,,,,,,,,,,,,,,,,,,,,,,,,,,,,,,,E
E,,,,,,,,,,,,,,,,,,,,,,,,,,,,,,,,,,,,,,,,,,,,,,,O,,,,,,,O,,,,,,O,,,,,,,,,O,,,,O,,,,,,,health_regen_percent,,O,,health_regen_percent,,,,sword_damage,,O,,sword_damage,,,,energy_regen_percent,,O,,energy_regen_percent,,,,O,,O,,,,O,,,,,,,,,,O,,,,,,O,,,,,,,O,,,,,,,,,,,,,,,,,,,,,,,,,,,,,,,,,,,,,,,E
E,,,,,,,,,,,,,,,,,,,,,,,,,,,,,,,,,,,,,,,,,,,,,,,magic_shield_percent_big,,,,,,magic_shield_regen_percent,,,,,,,,str,,,,,,,,armor_percent,,,,block_chance,,,,,,,O,,O,,O,,,,O,,O,,O,,,,O,,O,,O,,,,cdr,,hp_dodge_small,,,,dodge_percent_big,,,,,,,,,str,,,,,,,,mana_percent,,,,,,mana_regen_percent_big,,,,,,,,,,,,,,,,,,,,,,,,,,,,,,,,,,,,,,,E
E,,,,,,,,,,,,,,,,,,,,,,,,,,,,,,,,,,,,,,,,,,,,,,,,O,,,,O,,,,,,,,,,O,,,,,,,O,,,,O,,,,,,health_regen_percent,,,O,,,health_regen_percent,,sword_damage,,,O,,,sword_damage,,energy_regen_percent,,,O,,,energy_regen_percent,,,O,,,O,hp_dodge_small,O,,,,,,,,,O,,,,,,,,,,O,,,,O,,,,,,,,,,,,,,,,,,,,,,,,,,,,,,,,,,,,,,,,E
E,,,,,,,,,,,,,,,,,,,,,,,,,,,,,,,,,,,,,,,,,,,,,,,,,magic_shield_regen_percent_big,O,magic_shield_regen_percent,,,,,,,,,,,,O,,,,,,,armor_percent_big,O,block_chance,,,,,,,,O,,O,,O,,,,O,,O,,O,,,,O,,O,,O,,,cdr,,,,,,,,,,,,,,O,,,,,,,,,,,,mana_percent,O,mana_percent_big,,,,,,,,,,,,,,,,,,,,,,,,,,,,,,,,,,,,,,,,,E
E,,,,,,,,,,,,,,,,,,,,,,,,,,,,,,,,,,,,,,,,,,,,,,,,,,,,,,,,,,,,,,,,O,,,,,,,,,,,,,,,,health_regen_percent_big,,health_regen_percent,,health_regen_percent_big,,,,sword_damage_big,,sword_damage,,sword_damage_big,,,,energy_regen_percent_big,,energy_regen_percent,,energy_regen_percent_big,,,,,,,,,,,,,,,,O,,,,,,,,,,,,,,,,,,,,,,,,,,,,,,,,,,,,,,,,,,,,,,,,,,,,,,,,E
E,,,,,,,,,,,,,,,,,,,,,,,,,,,,,,,,,,,,,,,,,,,,,,,,,,,,,,,,,,,,,,,,,O,,,,,,,,,,,,,,,,,O,,,,,,,,O,,,,,,,,O,,,,,,,,,,,,,,,,,O,,,,,,,,,,,,,,,,,,,,,,,,,,,,,,,,,,,,,,,,,,,,,,,,,,,,,,,,,E
E,,,,,,,,,,,,,,,,,,,,,,,,,,,,,,,,,,,,,,,,,,,,,,,,,,,,,,,,,,,,,,,,,,O,,,,,,,,,,,,,,O,O,,,,,,,,,O,,,,,,,,,O,O,,,,,,,,,,,,,,O,,,,,,,,,,,,,,,,,,,,,,,,,,,,,,,,,,,,,,,,,,,,,,,,,,,,,,,,,,E
E,,,,,,,,,,,,,,,,,,,,,,,,,,,,,,,,,,,,,,,,,,,,,,,,,,,,,,,,,,,,,,,,,,,O,,,,,,,,,,,,O,,,,,,,,,,,O,,,,,,,,,,,O,,,,,,,,,,,,O,,,,,,,,,,,,,,,,,,,,,,,,,,,,,,,,,,,,,,,,,,,,,,,,,,,,,,,,,,,E
E,,,,,,,,,,,,,,,,,,,,,,,,,,,,,,,,,,,,,,,,,,,,,,,,,,,,,,,,,,,,,,,,,,,,str,O,O,O,O,O,O,O,O,O,O,str,O,O,O,O,O,O,O,O,O,O,str,O,O,O,O,O,O,O,O,O,O,str,O,O,O,O,O,O,O,O,O,O,str,,,,,,,,,,,,,,,,,,,,,,,,,,,,,,,,,,,,,,,,,,,,,,,,,,,,,,,,,,,,E
E,,,,,,,,,,,,,,,,,,,,,,,,,,,,,,,,,,,,,,,,,,,,,,,,,,,,,,,,,,,,,,,,,,,O,,,,,,,,,,,,,,,,,,,,,,,O,,,,,,,,,,,,,,,,,,,,,,,O,,,,,,,,,,,,,,,,,,,,,,,,,,,,,,,,,,,,,,,,,,,,,,,,,,,,,,,,,,,E
E,,,,,,,,,,,,,,,,,,,,,,,,,,,,,,,,,,,,,,,,,,,,,,,,,,,,,,,,,,,,,,,,energy_regen_percent,O,energy_regen_percent,,,,,,,,,,,,,,,,,,,,,,,O,cdr,O,,,,,,,,,,,,,,,,,,,,,,,block_chance,O,block_chance,,,,,,,,,,,,,,,,,,,,,,,,,,,,,,,,,,,,,,,,,,,,,,,,,,,,,,,,E
E,,,,,,,,,,,,,,,,,,,,,,,,,,,,,,,,,,,,,,,,,,,,,,,,,,,,,,,,,,,,,,,,O,,O,,,,,,,,,,,,,,,,,,,,,,all_physical_damage,,O,,health_percent,,,,,,,,,,,,,,,,,,,,,,O,,O,,,,,,,,,,,,,,,,,,,,,,,,,,,,,,,,,,,,,,,,,,,,,,,,,,,,,,,,E
E,,,,,,,,,,,,,,,,,,,,,,,,,,,,,,,,,,,,,,,,,,,,,,,,,,,,,,,,,,,,,,,,energy_regen_percent_big,O,energy_regen_percent,,,,,,,,,,,,,,,,,,,,,O,,,O,,,O,,,,,,,,,,,,,,,,,,,,,block_chance,O,block_chance_big,,,,,,,,,,,,,,,,,,,,,,,,,,,,,,,,,,,,,,,,,,,,,,,,,,,,,,,,E
E,,,,,,,,,,,,,,,,,,,,,,,,,,,,,,,,,,,,,,,,,,,,,,,,,,,,,,,,,,,,,,,,,,,,,,,,,,,,,,,,,,,,,,,all_physical_damage,,,O,,,armor_percent,,,,,,,,,,,,,,,,,,,,,,,,,,,,,,,,,,,,,,,,,,,,,,,,,,,,,,,,,,,,,,,,,,,,,,,,,,,,,,,E
E,,,,,,,,,,,,,,,,,,,,,,,,,,,,,,,,,,,,,,,,,,,,,,,,,,,,,,,,,,,,,,,,,,,,,,,,,,,,,,,,,,,,,,,O,,,steady_hand,,,O,,,,,,,,,,,,,,,,,,,,,,,,,,,,,,,,,,,,,,,,,,,,,,,,,,,,,,,,,,,,,,,,,,,,,,,,,,,,,,,E
E,,,,,,,,,,,,,,,,,,,,,,,,,,,,,,,,,,,,,,,,,,,,,,,,,,,,,,,,,,,,,,,,,,,,,,,,,,,,,,,,,,,,,,,all_physical_damage,,,,,,health_regen_percent,,,,,,,,,,,,,,,,,,,,,,,,,,,,,,,,,,,,,,,,,,,,,,,,,,,,,,,,,,,,,,,,,,,,,,,,,,,,,,,E
E,,,,,,,,,,,,,,,,,,,,,,,,,,,,,,,,,,,,,,,,,,,,,,,,,,,,,,,,,,,,,,,,,,,,,,,,,,,,,,,,,,,,,,,O,,,,,,O,,,,,,,,,,,,,,,,,,,,,,,,,,,,,,,,,,,,,,,,,,,,,,,,,,,,,,,,,,,,,,,,,,,,,,,,,,,,,,,E
E,,,,,,,,,,,,,,,,,,,,,,,,,,,,,,,,,,,,,,,,,,,,,,,,,,,,,,,,,,,,,,,,,,,,,,,,,,,,,,,,,,,,,,,,all_physical_damage_big,,,,armor_percent_big,,,,,,,,,,,,,,,,,,,,,,,,,,,,,,,,,,,,,,,,,,,,,,,,,,,,,,,,,,,,,,,,,,,,,,,,,,,,,,,,E
E,,,,,,,,,,,,,,,,,,,,,,,,,,,,,,,,,,,,,,,,,,,,,,,,,,,,,,,,,,,,,,,,,,,,,,,,,,,,,,,,,,,,,,,,,,,,,,,,,,,,,,,,,,,,,,,,,,,,,,,,,,,,,,,,,,,,,,,,,,,,,,,,,,,,,,,,,,,,,,,,,,,,,,,,,,,,E
E,,,,,,,,,,,,,,,,,,,,,,,,,,,,,,,,,,,,,,,,,,,,,,,,,,,,,,,,,,,,,,,,,,,,,,,,,,,,,,,,,,,,,,,,,,,,,,,,,,,,,,,,,,,,,,,,,,,,,,,,,,,,,,,,,,,,,,,,,,,,,,,,,,,,,,,,,,,,,,,,,,,,,,,,,,,,E
E,,,,,,,,,,,,,,,,,,,,,,,,,,,,,,,,,,,,,,,,,,,,,,,,,,,,,,,,,,,,,,,,,,,,,,,,,,,,,,,,,,,,,,,,,,,,,,,,,,,,,,,,,,,,,,,,,,,,,,,,,,,,,,,,,,,,,,,,,,,,,,,,,,,,,,,,,,,,,,,,,,,,,,,,,,,,E
E,,,,,,,,,,,,,,,,,,,,,,,,,,,,,,,,,,,,,,,,,,,,,,,,,,,,,,,,,,,,,,,,,,,,,,,,,,,,,,,,,,,,,,,,,,,,,,,,,,,,,,,,,,,,,,,,,,,,,,,,,,,,,,,,,,,,,,,,,,,,,,,,,,,,,,,,,,,,,,,,,,,,,,,,,,,,E
E,,,,,,,,,,,,,,,,,,,,,,,,,,,,,,,,,,,,,,,,,,,,,,,,,,,,,,,,,,,,,,,,,,,,,,,,,,,,,,,,,,,,,,,,,,,,,,,,,,,,,,,,,,,,,,,,,,,,,,,,,,,,,,,,,,,,,,,,,,,,,,,,,,,,,,,,,,,,,,,,,,,,,,,,,,,,E
E,,,,,,,,,,,,,,,,,,,,,,,,,,,,,,,,,,,,,,,,,,,,,,,,,,,,,,,,,,,,,,,,,,,,,,,,,,,,,,,,,,,,,,,,,,,,,,,,,,,,,,,,,,,,,,,,,,,,,,,,,,,,,,,,,,,,,,,,,,,,,,,,,,,,,,,,,,,,,,,,,,,,,,,,,,,,E
E,,,,,,,,,,,,,,,,,,,,,,,,,,,,,,,,,,,,,,,,,,,,,,,,,,,,,,,,,,,,,,,,,,,,,,,,,,,,,,,,,,,,,,,,,,,,,,,,,,,,,,,,,,,,,,,,,,,,,,,,,,,,,,,,,,,,,,,,,,,,,,,,,,,,,,,,,,,,,,,,,,,,,,,,,,,,E
E,,,,,,,,,,,,,,,,,,,,,,,,,,,,,,,,,,,,,,,,,,,,,,,,,,,,,,,,,,,,,,,,,,,,,,,,,,,,,,,,,,,,,,,,,,,,,,,,,,,,,,,,,,,,,,,,,,,,,,,,,,,,,,,,,,,,,,,,,,,,,,,,,,,,,,,,,,,,,,,,,,,,,,,,,,,,E
E,,,,,,,,,,,,,,,,,,,,,,,,,,,,,,,,,,,,,,,,,,,,,,,,,,,,,,,,,,,,,,,,,,,,,,,,,,,,,,,,,,,,,,,,,,,,,,,,,,,,,,,,,,,,,,,,,,,,,,,,,,,,,,,,,,,,,,,,,,,,,,,,,,,,,,,,,,,,,,,,,,,,,,,,,,,,E
E,,,,,,,,,,,,,,,,,,,,,,,,,,,,,,,,,,,,,,,,,,,,,,,,,,,,,,,,,,,,,,,,,,,,,,,,,,,,,,,,,,,,,,,,,,,,,,,,,,,,,,,,,,,,,,,,,,,,,,,,,,,,,,,,,,,,,,,,,,,,,,,,,,,,,,,,,,,,,,,,,,,,,,,,,,,,E
E,,,,,,,,,,,,,,,,,,,,,,,,,,,,,,,,,,,,,,,,,,,,,,,,,,,,,,,,,,,,,,,,,,,,,,,,,,,,,,,,,,,,,,,,,,,,,,,,,,,,,,,,,,,,,,,,,,,,,,,,,,,,,,,,,,,,,,,,,,,,,,,,,,,,,,,,,,,,,,,,,,,,,,,,,,,,E
E,,,,,,,,,,,,,,,,,,,,,,,,,,,,,,,,,,,,,,,,,,,,,,,,,,,,,,,,,,,,,,,,,,,,,,,,,,,,,,,,,,,,,,,,,,,,,,,,,,,,,,,,,,,,,,,,,,,,,,,,,,,,,,,,,,,,,,,,,,,,,,,,,,,,,,,,,,,,,,,,,,,,,,,,,,,,E
E,,,,,,,,,,,,,,,,,,,,,,,,,,,,,,,,,,,,,,,,,,,,,,,,,,,,,,,,,,,,,,,,,,,,,,,,,,,,,,,,,,,,,,,,,,,,,,,,,,,,,,,,,,,,,,,,,,,,,,,,,,,,,,,,,,,,,,,,,,,,,,,,,,,,,,,,,,,,,,,,,,,,,,,,,,,,E
E,E,E,E,E,E,E,E,E,E,E,E,E,E,E,E,E,E,E,E,E,E,E,E,E,E,E,E,E,E,E,E,E,E,E,E,E,E,E,E,E,E,E,E,E,E,E,E,E,E,E,E,E,E,E,E,E,E,E,E,E,E,E,E,E,E,E,E,E,E,E,E,E,E,E,E,E,E,E,E,E,E,E,E,E,E,E,E,E,E,E,E,E,E,E,E,E,E,E,E,E,E,E,E,E,E,E,E,E,E,E,E,E,E,E,E,E,E,E,E,E,E,E,E,E,E,E,E,E,E,E,E,E,E,E,E,E,E,E,E,E,E,E,E,E,E,E,E,E,E,E,E,E,E,E,E,E,E,E,E,E,E,E,E,E,E,E,E,E,E,E,E,E
,,,,,,,,,,,,,,,,,,,,,,,,,,,,,,,,,,,,,,,,,,,,,,,,,,,,,,,,,,,,,,,,,,,,,,,,,,,,,,,,,,,,,,,,,,,,,,,,,,,,,,,,,,,,,,,,,,,,,,,,,,,,,,,,,,,,,,,,,,,,,,,,,,,,,,,,,,,,,,,,,,,,,,,,,,,,
,,,,,,,,,,,,,,,,,,,,,,,,,,,,,,,,,,,,,,,,,,,,,,,,,,,,,,,,,,,,,,,,,,,,,,,,,,,,,,,,,,,,,,,,,,,,,,,,,,,,,,,,,,,,,,,,,,,,,,,,,,,,,,,,,,,,,,,,,,,,,,,,,,,,,,,,,,,,,,,,,,,,,,,,,,,,
,,,,,,,,,,,,,,,,,,,,,,,,,,,,,,,,,,,,,,,,,,,,,,,,,,,,,,,,,,,,,,,,,,,,,,,,,,,,,,,,,,,,,,,,,,,,,,,,,,,,,,,,,,,,,,,,,,,,,,,,,,,,,,,,,,,,,,,,,,,,,,,,,,,,,,,,,,,,,,,,,,,,,,,,,,,,
,,,,,,,,,,,,,,,,,,,,,,,,,,,,,,,,,,,,,,,,,,,,,,,,,,,,,,,,,,,,,,,,,,,,,,,,,,,,,,,,,,,,,,,,,,,,,,,,,,,,,,,,,,,,,,,,,,,,,,,,,,,,,,,,,,,,,,,,,,,,,,,,,,,,,,,,,,,,,,,,,,,,,x,,,,,,,
